Model,Accuracy (%),Precision (%),Recall (%),F1 Score (%),ROC AUC (%)
Logistic Regression,90.93006313744536,65.00829187396351,42.241379310344826,51.208360548661005,93.89872105203555
Decision Tree,89.23020883924235,52.21143473570658,52.1551724137931,52.1832884097035,73.04666119321293
Random Forest,91.16075764934433,64.4092219020173,48.168103448275865,55.11713933415536,94.38106179104619
