Model,Accuracy (%),Precision (%),Recall (%),F1 Score (%),ROC AUC (%)
XGBoost,91.48858669256921,63.960639606396064,56.03448275862068,59.73578403216542,76.01258894362343
LightGBM,91.69499757163672,64.98771498771498,57.004310344827594,60.73478760045924,76.55223727422003
CatBoost,91.63428848955803,65.58018252933508,54.202586206896555,59.35103244837758,75.29505336617406
